precision,recall,f1-score,support
0.9829351535836177,0.6857142857142857,0.8078541374474054,420.0
0.10204081632653061,0.75,0.17964071856287425,20.0
0.6886363636363636,0.6886363636363636,0.6886363636363636,0.6886363636363636
0.5424879849550741,0.7178571428571429,0.4937474280051398,440.0
0.9428945018901137,0.6886363636363636,0.7792989820435631,440.0
