precision,recall,f1-score,support
1.0,0.7394957983193278,0.8502415458937198,238.0
0.10144927536231885,1.0,0.1842105263157895,7.0
0.746938775510204,0.746938775510204,0.746938775510204,0.746938775510204
0.5507246376811594,0.8697478991596639,0.5172260361047547,245.0
0.974327122153209,0.746938775510204,0.8312120881914932,245.0
