precision,recall,f1-score,support
0.9743589743589743,0.7238095238095238,0.8306010928961748,105.0
0.03333333333333333,0.3333333333333333,0.0606060606060606,3.0
0.7129629629629629,0.7129629629629629,0.7129629629629629,0.7129629629629629
0.5038461538461538,0.5285714285714286,0.44560357675111767,108.0
0.9482193732193731,0.7129629629629629,0.8092123419992272,108.0
