precision,recall,f1-score,support
0.9544235924932976,0.731006160164271,0.827906976744186,487.0
0.050724637681159424,0.2916666666666667,0.08641975308641976,24.0
0.7103718199608611,0.7103718199608611,0.7103718199608611,0.7103718199608611
0.5025741150872285,0.5113364134154689,0.4571633649153029,511.0
0.9119798059659173,0.7103718199608611,0.7930817451046823,511.0
